<?xml version="1.0" encoding="UTF-8" ?>
<!DOCTYPE mapper
        PUBLIC "-//mybatis.org//DTD Mapper 3.0//EN"
        "http://mybatis.org/dtd/mybatis-3-mapper.dtd">
<mapper namespace="com.zhangxf.mapper.EmpMapper">

<!--    修改员工数据-->
    <update id="updateEmpById">
        update emp
        <set>
            <if test="username != null and username != ''">username = #{username},</if>
            <if test="password != null and password != ''">password = #{password},</if>
            <if test="name != null and name != ''">name = #{name},</if>
            <if test="gender != null">gender = #{gender},</if>
            <if test="phone != null and phone != ''">phone = #{phone},</if>
            <if test="job != null">job = #{job},</if>
            <if test="salary != null">salary = #{salary},</if>
            <if test="image != null and image != ''">image = #{image},</if>
            <if test="entryDate != null">entry_date = #{entryDate},</if>
            <if test="deptId != null">dept_id = #{deptId},</if>
            <if test="updateTime != null">update_time = #{updateTime},</if>
        </set>
        where id = #{id}
    </update>

    <!--    根据id删除员工-->
    <delete id="deleteByIds">
        delete from emp where id in
        <foreach collection="ids" item="id" open="(" close=")" separator=",">
            #{id}
        </foreach>
    </delete>

<!--    查询所有员工-->
    <select id="list" resultType="com.zhangxf.pojo.Emp">
        select e.*, d.name as deptName from emp e left join dept d on e.dept_id = d.id
            <where>
                <if test="name != null and name != ''">
                    e.name like concat('%',#{name},'%')
                </if>
                <if test="gender != null">
                    and e.gender = #{gender}
                </if>
                <if test="begin != null and end != null">
                    and e.entry_date between #{begin} and #{end}
                </if>
            </where>
            order by e.update_time desc
    </select>

    <!--    自定义结果集ResultMap-->
    <resultMap id="empResultMap" type="com.zhangxf.pojo.Emp">
        <id column="id" property="id"/>
        <result column="username" property="username"/>
        <result column="password" property="password"/>
        <result column="name" property="name"/>
        <result column="gender" property="gender"/>
        <result column="phone" property="phone"/>
        <result column="job" property="job"/>
        <result column="salary" property="salary"/>
        <result column="image" property="image"/>
        <result column="entry_date" property="entryDate"/>
        <result column="dept_id" property="deptId"/>
        <result column="create_time" property="createTime"/>
        <result column="update_time" property="updateTime"/>

<!--        封装empList-->
        <collection property="exprList" ofType="com.zhangxf.pojo.EmpExpr">
            <id column="ee_id" property="id"/>
            <result column="ee_company" property="company"/>
            <result column="ee_job" property="job"/>
            <result column="ee_begin" property="begin"/>
            <result column="ee_end" property="end"/>
            <result column="ee_empid" property="empId"/>
        </collection>

    </resultMap>

<!--    根据id查询员工-->
    <select id="getEmpById" resultMap="empResultMap">
        select  e.*,
                ee.id ee_id,
                ee.emp_id ee_empid,
                ee.begin ee_begin,
                ee.end ee_end,
                ee.company ee_company,
                ee.job ee_job
        from emp e left join emp_expr ee on e.id = ee.emp_id
                where e.id = #{id};
    </select>

<!--    统计员工各个职位的人数-->
    <select id="countEmpJobData" resultType="java.util.Map">
        select
            (case job when 1 then '班主任'
                      when 2 then '讲师'
                      when 3 then '学工主管'
                      when 4 then '教研主管'
                      when 5 then '咨询师'
                      else '其他' end
                ) pos, count(*) total from emp group by job
        order by total desc
    </select>

<!--    查询员工性别数-->
    <select id="countEmpGenderData" resultType="java.util.Map">
        select
            if(gender = 1, '男', '女') as name, count(*) as value
        from emp group by gender
    </select>

</mapper>